SCHOOL,QUESTION_NUMBER,TOPIC,
ACJC,1,Graphs & Transformations,
ACJC,2,Equations & Inequalities,
ACJC,3,Differentiation & Applications,
ACJC,4,Graphs & Transformations,
ACJC,5,Vectors,
ACJC,6,Vectors,
ACJC,7,Functions,
ACJC,8,Differentiation & Applications,
ACJC,9,Sigma Notation & MOD,
ACJC,10,Vectors,
ACJC,11,Differentiation & Applications,
ACJC,12,APGP,
ASRJC,1,Differentiation & Applications,
ASRJC,2,Graphs & Transformations,
ASRJC,3,Integration & Applications,
ASRJC,4,Differentiation & Applications,
ASRJC,5,Graphs & Transformations,
ASRJC,6,Functions,
ASRJC,7,Integration & Applications,
ASRJC,8,Vectors,
ASRJC,9,Graphs & Transformations,
ASRJC,10,Differentiation & Applications,
ASRJC,11,APGP,
ASRJC,12,Vectors,
NJC,1,Graphs & Transformations,
NJC,2,Equations & Inequalities,
NJC,3,Graphs & Transformations,
NJC,4,Equations & Inequalities,
NJC,5,Functions,
NJC,6,Graphs & Transformations,
NJC,7,Differentiation & Applications,
NJC,8,Integration & Applications,
NJC,9,Vectors,
NJC,10,Graphs & Transformations,
NJC,11,Integration & Applications,
NJC,12,Vectors,
